,"NK,NKT and T cells",EPCAM+ cells and cholangiocytes,LSEC,B cells,Hepatocytes,Stellate cells and myofibroblasts
0,0.375,0.0,0.0,0.0,0.625,0.0
1,0.5,0.0,0.5,0.0,0.0,0.0
2,0.2857143,0.0,0.0,0.0,0.71428573,0.0
3,0.0,0.45454547,0.0,0.0,0.54545456,0.0
4,0.42857143,0.0,0.0,0.2857143,0.2857143,0.0
5,0.5,0.0,0.0,0.0,0.5,0.0
6,0.0,0.5,0.25,0.16666667,0.083333336,0.0
7,0.33333334,0.0,0.6666667,0.0,0.0,0.0
8,0.33333334,0.0,0.33333334,0.33333334,0.0,0.0
9,0.46666667,0.0,0.0,0.33333334,0.2,0.0
10,0.42857143,0.0,0.42857143,0.0,0.14285715,0.0
11,0.4,0.0,0.0,0.53333336,0.06666667,0.0
12,0.5,0.0,0.21428572,0.0,0.2857143,0.0
13,0.5833333,0.0,0.0,0.0,0.41666666,0.0
14,0.30769232,0.0,0.23076923,0.0,0.46153846,0.0
15,0.2,0.2,0.26666668,0.0,0.33333334,0.0
16,0.0,0.25,0.0,0.0,0.75,0.0
17,0.5714286,0.0,0.0,0.0,0.42857143,0.0
18,0.0,0.7,0.0,0.0,0.3,0.0
19,0.2,0.0,0.0,0.0,0.8,0.0
20,0.4,0.6,0.0,0.0,0.0,0.0
21,0.18181819,0.27272728,0.36363637,0.0,0.18181819,0.0
22,0.36363637,0.0,0.0,0.0,0.6363636,0.0
23,0.5714286,0.0,0.0,0.0,0.42857143,0.0
24,0.42857143,0.5714286,0.0,0.0,0.0,0.0
25,0.4,0.4,0.2,0.0,0.0,0.0
26,0.0,0.33333334,0.6666667,0.0,0.0,0.0
27,0.6923077,0.0,0.0,0.0,0.30769232,0.0
28,0.6923077,0.0,0.23076923,0.0,0.07692308,0.0
29,0.0,0.33333334,0.0,0.0,0.6666667,0.0
30,0.6666667,0.0,0.0,0.0,0.33333334,0.0
31,1.0,0.0,0.0,0.0,0.0,0.0
32,0.33333334,0.6666667,0.0,0.0,0.0,0.0
33,0.2857143,0.0,0.0,0.0,0.71428573,0.0
34,0.33333334,0.0,0.16666667,0.0,0.5,0.0
35,0.71428573,0.0,0.2857143,0.0,0.0,0.0
36,0.36363637,0.0,0.36363637,0.0,0.27272728,0.0
37,1.0,0.0,0.0,0.0,0.0,0.0
38,0.2857143,0.0,0.35714287,0.0,0.35714287,0.0
39,0.5714286,0.0,0.42857143,0.0,0.0,0.0
40,0.0,0.0,0.5,0.0,0.5,0.0
41,0.8333333,0.0,0.16666667,0.0,0.0,0.0
42,0.16666667,0.8333333,0.0,0.0,0.0,0.0
43,0.33333334,0.11111111,0.22222222,0.0,0.33333334,0.0
44,0.16666667,0.5,0.0,0.0,0.33333334,0.0
45,0.42857143,0.0,0.0,0.0,0.5714286,0.0
46,0.33333334,0.0,0.0,0.0,0.6666667,0.0
47,0.5714286,0.0,0.0,0.0,0.42857143,0.0
48,0.21428572,0.2857143,0.21428572,0.0,0.2857143,0.0
49,0.26666668,0.2,0.0,0.26666668,0.26666668,0.0
50,0.54545456,0.0,0.0,0.0,0.45454547,0.0
51,0.2,0.26666668,0.2,0.0,0.33333334,0.0
52,0.4,0.4,0.2,0.0,0.0,0.0
53,0.0,0.16666667,0.5,0.0,0.33333334,0.0
54,0.0,0.0,0.0,0.53333336,0.46666667,0.0
55,0.16666667,0.0,0.0,0.0,0.8333333,0.0
56,0.18181819,0.27272728,0.0,0.0,0.54545456,0.0
57,0.36363637,0.18181819,0.18181819,0.0,0.27272728,0.0
58,0.42857143,0.0,0.0,0.5,0.071428575,0.0
59,0.33333334,0.0,0.6666667,0.0,0.0,0.0
60,0.0,0.36363637,0.09090909,0.0,0.54545456,0.0
61,0.42857143,0.0,0.0,0.0,0.5714286,0.0
62,0.46153846,0.23076923,0.0,0.0,0.30769232,0.0
63,0.33333334,0.0,0.0,0.0,0.13333334,0.53333336
64,0.25,0.25,0.0,0.0,0.5,0.0
65,0.0,0.0,0.25,0.0,0.75,0.0
66,0.25,0.75,0.0,0.0,0.0,0.0
67,0.5833333,0.0,0.41666666,0.0,0.0,0.0
68,0.0,0.2,0.0,0.0,0.8,0.0
69,0.11111111,0.0,0.5555556,0.0,0.33333334,0.0
70,0.75,0.0,0.0,0.0,0.25,0.0
71,0.5,0.0,0.16666667,0.0,0.33333334,0.0
72,0.14285715,0.5714286,0.0,0.0,0.2857143,0.0
73,0.46666667,0.53333336,0.0,0.0,0.0,0.0
74,0.0,0.2,0.0,0.0,0.8,0.0
75,0.0,0.0,0.375,0.0,0.625,0.0
76,0.11111111,0.0,0.0,0.0,0.44444445,0.44444445
77,0.22222222,0.5555556,0.0,0.0,0.22222222,0.0
78,1.0,0.0,0.0,0.0,0.0,0.0
79,0.44444445,0.0,0.22222222,0.0,0.33333334,0.0
80,0.071428575,0.0,0.0,0.42857143,0.5,0.0
81,0.0,0.46153846,0.15384616,0.0,0.3846154,0.0
82,0.33333334,0.0,0.33333334,0.0,0.33333334,0.0
83,0.0,0.3,0.2,0.3,0.2,0.0
84,0.5714286,0.2857143,0.0,0.0,0.14285715,0.0
85,0.35714287,0.0,0.0,0.0,0.64285713,0.0
86,0.5,0.0,0.0,0.0,0.5,0.0
87,0.0,0.0,0.3846154,0.0,0.61538464,0.0
88,0.5555556,0.0,0.0,0.0,0.44444445,0.0
89,0.26666668,0.0,0.33333334,0.0,0.4,0.0
90,0.0,0.35714287,0.64285713,0.0,0.0,0.0
91,0.22222222,0.0,0.22222222,0.0,0.5555556,0.0
92,0.375,0.0,0.25,0.0,0.375,0.0
93,0.42857143,0.14285715,0.14285715,0.0,0.2857143,0.0
94,0.2857143,0.42857143,0.14285715,0.0,0.14285715,0.0
95,0.0,0.35714287,0.2857143,0.0,0.35714287,0.0
96,0.46666667,0.0,0.0,0.0,0.53333336,0.0
97,0.42857143,0.42857143,0.0,0.0,0.14285715,0.0
98,0.5,0.5,0.0,0.0,0.0,0.0
99,0.14285715,0.2857143,0.0,0.5714286,0.0,0.0
100,0.2,0.0,0.0,0.0,0.8,0.0
101,0.7,0.0,0.0,0.0,0.3,0.0
102,0.0,0.25,0.0,0.25,0.5,0.0
103,0.27272728,0.18181819,0.27272728,0.0,0.27272728,0.0
104,0.45454547,0.0,0.27272728,0.0,0.27272728,0.0
105,0.2857143,0.0,0.0,0.0,0.71428573,0.0
106,0.53846157,0.30769232,0.0,0.0,0.15384616,0.0
107,0.0,0.6,0.0,0.0,0.4,0.0
108,0.21428572,0.2857143,0.35714287,0.0,0.14285715,0.0
109,0.0,0.8888889,0.0,0.0,0.11111111,0.0
110,0.2857143,0.35714287,0.0,0.0,0.35714287,0.0
111,0.0,0.0,0.8333333,0.0,0.16666667,0.0
112,0.625,0.25,0.0,0.0,0.125,0.0
113,0.0,0.22222222,0.44444445,0.0,0.33333334,0.0
114,0.5,0.0,0.16666667,0.0,0.33333334,0.0
115,0.4,0.4,0.0,0.0,0.2,0.0
116,0.33333334,0.16666667,0.0,0.0,0.5,0.0
117,0.27272728,0.45454547,0.0,0.0,0.27272728,0.0
118,0.30769232,0.15384616,0.0,0.0,0.53846157,0.0
119,0.25,0.375,0.0,0.0,0.375,0.0
120,0.4,0.0,0.4,0.0,0.2,0.0
121,0.0,0.5714286,0.14285715,0.0,0.2857143,0.0
122,0.0,0.5714286,0.0,0.0,0.42857143,0.0
123,0.36363637,0.27272728,0.0,0.0,0.36363637,0.0
124,0.4,0.0,0.33333334,0.26666668,0.0,0.0
125,0.27272728,0.0,0.09090909,0.0,0.6363636,0.0
126,0.46666667,0.0,0.0,0.0,0.53333336,0.0
127,0.5,0.0,0.0,0.0,0.5,0.0
128,0.0,0.0,0.53846157,0.0,0.46153846,0.0
129,0.0,0.0,0.5,0.0,0.5,0.0
130,0.0,0.42857143,0.5714286,0.0,0.0,0.0
131,0.54545456,0.0,0.0,0.0,0.45454547,0.0
132,0.0,0.0,0.7692308,0.0,0.23076923,0.0
133,0.18181819,0.45454547,0.0,0.0,0.36363637,0.0
134,0.25,0.0,0.375,0.0,0.375,0.0
135,0.0,0.5,0.0,0.0,0.5,0.0
136,0.26666668,0.73333335,0.0,0.0,0.0,0.0
137,0.6,0.0,0.0,0.0,0.4,0.0
138,0.30769232,0.0,0.53846157,0.0,0.15384616,0.0
139,0.375,0.0,0.25,0.0,0.375,0.0
140,0.0,0.0,0.18181819,0.0,0.8181818,0.0
141,0.0,0.0,0.30769232,0.0,0.6923077,0.0
142,0.35714287,0.0,0.0,0.0,0.64285713,0.0
143,0.2857143,0.42857143,0.0,0.0,0.2857143,0.0
144,0.46153846,0.0,0.0,0.0,0.53846157,0.0
145,0.42857143,0.0,0.0,0.0,0.5714286,0.0
146,0.5714286,0.0,0.0,0.0,0.42857143,0.0
147,0.2857143,0.5714286,0.0,0.0,0.14285715,0.0
148,0.23076923,0.0,0.30769232,0.0,0.46153846,0.0
149,0.13333334,0.4,0.4,0.0,0.06666667,0.0
150,0.0,0.0,0.53333336,0.0,0.46666667,0.0
151,0.16666667,0.0,0.5,0.0,0.33333334,0.0
152,0.23076923,0.0,0.3846154,0.0,0.3846154,0.0
153,0.71428573,0.0,0.2857143,0.0,0.0,0.0
154,0.26666668,0.0,0.4,0.0,0.33333334,0.0
155,0.46666667,0.46666667,0.0,0.0,0.06666667,0.0
156,0.33333334,0.33333334,0.16666667,0.0,0.16666667,0.0
157,0.625,0.0,0.0,0.0,0.375,0.0
158,0.0,0.0,0.2,0.0,0.8,0.0
159,0.42857143,0.14285715,0.14285715,0.0,0.2857143,0.0
160,0.8,0.0,0.0,0.0,0.2,0.0
161,0.26666668,0.13333334,0.26666668,0.0,0.33333334,0.0
162,0.14285715,0.0,0.2857143,0.0,0.5714286,0.0
163,0.4,0.0,0.0,0.0,0.6,0.0
164,0.8333333,0.16666667,0.0,0.0,0.0,0.0
165,0.27272728,0.27272728,0.36363637,0.0,0.09090909,0.0
166,0.16666667,0.16666667,0.0,0.0,0.6666667,0.0
167,0.25,0.375,0.0,0.0,0.375,0.0
168,0.5,0.0,0.33333334,0.0,0.16666667,0.0
169,0.26666668,0.0,0.4,0.26666668,0.06666667,0.0
170,0.14285715,0.0,0.85714287,0.0,0.0,0.0
171,0.30769232,0.0,0.30769232,0.0,0.3846154,0.0
172,0.14285715,0.14285715,0.5714286,0.0,0.14285715,0.0
173,0.18181819,0.36363637,0.0,0.0,0.45454547,0.0
174,0.25,0.0,0.5,0.0,0.25,0.0
175,0.3,0.1,0.0,0.0,0.6,0.0
176,0.0,0.625,0.25,0.0,0.125,0.0
177,0.41666666,0.5833333,0.0,0.0,0.0,0.0
178,0.0,0.0,0.5,0.0,0.5,0.0
179,0.53846157,0.30769232,0.0,0.0,0.15384616,0.0
180,0.30769232,0.0,0.30769232,0.0,0.3846154,0.0
181,0.5,0.0,0.0,0.0,0.5,0.0
182,0.33333334,0.26666668,0.0,0.0,0.4,0.0
183,0.0,0.0,0.45454547,0.0,0.54545456,0.0
184,0.22222222,0.33333334,0.11111111,0.33333334,0.0,0.0
185,1.0,0.0,0.0,0.0,0.0,0.0
186,0.26666668,0.0,0.73333335,0.0,0.0,0.0
187,0.6666667,0.0,0.0,0.0,0.33333334,0.0
188,0.0,0.0,0.0,0.0,1.0,0.0
189,0.30769232,0.0,0.0,0.0,0.6923077,0.0
190,0.0,0.0,0.5,0.0,0.5,0.0
191,0.3846154,0.0,0.0,0.0,0.61538464,0.0
192,0.36363637,0.0,0.0,0.0,0.6363636,0.0
193,1.0,0.0,0.0,0.0,0.0,0.0
194,0.27272728,0.0,0.0,0.0,0.72727275,0.0
195,0.5,0.0,0.0,0.0,0.5,0.0
196,0.3,0.0,0.0,0.0,0.7,0.0
197,0.5714286,0.0,0.0,0.0,0.42857143,0.0
198,0.41666666,0.0,0.083333336,0.0,0.5,0.0
199,0.5555556,0.0,0.44444445,0.0,0.0,0.0
200,0.25,0.0,0.25,0.0,0.5,0.0
201,0.41666666,0.0,0.33333334,0.0,0.25,0.0
202,0.33333334,0.0,0.25,0.0,0.41666666,0.0
203,0.4,0.3,0.1,0.0,0.2,0.0
204,0.36363637,0.0,0.18181819,0.0,0.45454547,0.0
205,0.5833333,0.0,0.0,0.0,0.41666666,0.0
206,0.625,0.0,0.0,0.375,0.0,0.0
207,0.46153846,0.15384616,0.0,0.0,0.3846154,0.0
208,0.0,0.0,0.33333334,0.0,0.6666667,0.0
209,0.2857143,0.0,0.42857143,0.0,0.2857143,0.0
210,0.16666667,0.41666666,0.0,0.0,0.41666666,0.0
211,0.41666666,0.0,0.5833333,0.0,0.0,0.0
212,0.36363637,0.0,0.0,0.45454547,0.18181819,0.0
213,0.27272728,0.18181819,0.36363637,0.0,0.18181819,0.0
214,1.0,0.0,0.0,0.0,0.0,0.0
215,0.0,0.33333334,0.0,0.0,0.6666667,0.0
216,0.27272728,0.45454547,0.0,0.0,0.27272728,0.0
217,0.35714287,0.0,0.2857143,0.0,0.35714287,0.0
218,0.3846154,0.0,0.30769232,0.0,0.30769232,0.0
219,1.0,0.0,0.0,0.0,0.0,0.0
220,0.71428573,0.0,0.0,0.0,0.2857143,0.0
221,0.2857143,0.0,0.0,0.0,0.71428573,0.0
222,0.53333336,0.0,0.0,0.0,0.46666667,0.0
223,0.46666667,0.0,0.26666668,0.0,0.26666668,0.0
224,0.0,0.625,0.375,0.0,0.0,0.0
225,0.18181819,0.0,0.27272728,0.54545456,0.0,0.0
226,0.2,0.2,0.2,0.0,0.4,0.0
227,0.5,0.0,0.0,0.0,0.5,0.0
228,0.2857143,0.14285715,0.0,0.0,0.5714286,0.0
229,0.0,0.5714286,0.42857143,0.0,0.0,0.0
230,0.375,0.375,0.25,0.0,0.0,0.0
231,0.36363637,0.36363637,0.0,0.0,0.27272728,0.0
232,0.33333334,0.0,0.33333334,0.0,0.33333334,0.0
233,0.36363637,0.36363637,0.0,0.0,0.27272728,0.0
234,0.16666667,0.16666667,0.33333334,0.0,0.33333334,0.0
235,0.0,0.18181819,0.45454547,0.0,0.36363637,0.0
236,0.33333334,0.26666668,0.4,0.0,0.0,0.0
237,0.25,0.625,0.0,0.0,0.125,0.0
238,0.0,0.0,0.0,0.0,1.0,0.0
239,0.0,0.0,0.35714287,0.21428572,0.42857143,0.0
240,0.2857143,0.2857143,0.0,0.0,0.42857143,0.0
241,0.54545456,0.0,0.0,0.0,0.45454547,0.0
242,0.0,0.30769232,0.61538464,0.0,0.07692308,0.0
243,0.6666667,0.0,0.0,0.0,0.33333334,0.0
244,0.0,0.26666668,0.2,0.0,0.53333336,0.0
245,0.6666667,0.0,0.0,0.0,0.33333334,0.0
246,0.2,0.53333336,0.0,0.0,0.26666668,0.0
247,0.2,0.0,0.5,0.0,0.3,0.0
248,0.18181819,0.0,0.36363637,0.0,0.45454547,0.0
249,0.45454547,0.0,0.0,0.0,0.54545456,0.0
250,0.8333333,0.0,0.0,0.0,0.16666667,0.0
251,0.7,0.0,0.0,0.3,0.0,0.0
252,0.0,0.21428572,0.5714286,0.0,0.21428572,0.0
253,0.0,0.0,0.0,0.0,1.0,0.0
254,0.33333334,0.0,0.4,0.0,0.26666668,0.0
255,0.5,0.0,0.0,0.0,0.5,0.0
256,0.5,0.0,0.0,0.0,0.5,0.0
257,0.125,0.5,0.0,0.0,0.375,0.0
258,0.0,0.2857143,0.42857143,0.0,0.2857143,0.0
259,0.33333334,0.0,0.0,0.33333334,0.33333334,0.0
260,0.5,0.0,0.5,0.0,0.0,0.0
261,0.41666666,0.0,0.16666667,0.0,0.41666666,0.0
262,0.30769232,0.53846157,0.0,0.0,0.15384616,0.0
263,1.0,0.0,0.0,0.0,0.0,0.0
264,0.0,0.0,0.0,0.53846157,0.46153846,0.0
265,0.22222222,0.0,0.0,0.0,0.7777778,0.0
266,0.5714286,0.0,0.42857143,0.0,0.0,0.0
267,0.27272728,0.0,0.0,0.0,0.72727275,0.0
268,0.33333334,0.0,0.33333334,0.0,0.33333334,0.0
269,0.16666667,0.16666667,0.33333334,0.0,0.33333334,0.0
270,0.0,0.0,0.0,0.0,1.0,0.0
271,0.0,0.0,0.2857143,0.0,0.71428573,0.0
272,0.27272728,0.0,0.18181819,0.0,0.54545456,0.0
273,0.35714287,0.0,0.0,0.0,0.64285713,0.0
274,0.5,0.0,0.33333334,0.0,0.16666667,0.0
275,0.0,0.2857143,0.0,0.0,0.71428573,0.0
276,0.0,0.0,0.0,0.0,1.0,0.0
277,0.0,0.0,0.33333334,0.0,0.6666667,0.0
278,0.22222222,0.44444445,0.22222222,0.11111111,0.0,0.0
279,0.72727275,0.0,0.0,0.0,0.27272728,0.0
280,0.16666667,0.5,0.0,0.0,0.33333334,0.0
281,0.5,0.0,0.35714287,0.0,0.14285715,0.0
282,0.2857143,0.2857143,0.0,0.0,0.42857143,0.0
283,0.5,0.0,0.0,0.0,0.5,0.0
284,0.0,0.36363637,0.0,0.0,0.6363636,0.0
285,0.2857143,0.0,0.0,0.0,0.71428573,0.0
286,0.5,0.5,0.0,0.0,0.0,0.0
287,0.4,0.0,0.0,0.0,0.6,0.0
288,0.0,0.41666666,0.25,0.0,0.33333334,0.0
289,0.27272728,0.18181819,0.0,0.0,0.0,0.54545456
290,0.8333333,0.0,0.0,0.0,0.16666667,0.0
291,0.5714286,0.0,0.0,0.0,0.42857143,0.0
292,0.5555556,0.44444445,0.0,0.0,0.0,0.0
293,0.46666667,0.26666668,0.0,0.26666668,0.0,0.0
294,0.54545456,0.0,0.0,0.0,0.45454547,0.0
295,0.27272728,0.0,0.72727275,0.0,0.0,0.0
296,0.64285713,0.0,0.0,0.0,0.35714287,0.0
297,0.33333334,0.5,0.0,0.0,0.16666667,0.0
298,0.33333334,0.0,0.0,0.0,0.6666667,0.0
299,0.27272728,0.45454547,0.0,0.0,0.27272728,0.0
300,0.2857143,0.21428572,0.0,0.0,0.5,0.0
301,0.4,0.0,0.4,0.0,0.2,0.0
302,0.6,0.0,0.0,0.0,0.4,0.0
303,1.0,0.0,0.0,0.0,0.0,0.0
304,0.4,0.0,0.5,0.0,0.1,0.0
305,0.375,0.375,0.25,0.0,0.0,0.0
306,0.0,0.0,0.3846154,0.0,0.61538464,0.0
307,0.5714286,0.0,0.2857143,0.14285715,0.0,0.0
308,0.0,0.2857143,0.35714287,0.0,0.35714287,0.0
309,1.0,0.0,0.0,0.0,0.0,0.0
310,0.26666668,0.0,0.33333334,0.13333334,0.26666668,0.0
311,0.3846154,0.0,0.46153846,0.0,0.15384616,0.0
312,0.125,0.375,0.0,0.125,0.375,0.0
313,0.42857143,0.2857143,0.2857143,0.0,0.0,0.0
314,0.5,0.0,0.2,0.0,0.3,0.0
315,0.61538464,0.0,0.3846154,0.0,0.0,0.0
316,0.7,0.0,0.3,0.0,0.0,0.0
317,0.0,0.0,0.3,0.0,0.7,0.0
318,0.2857143,0.0,0.2857143,0.21428572,0.21428572,0.0
319,0.41666666,0.083333336,0.0,0.0,0.5,0.0
320,0.30769232,0.3846154,0.0,0.0,0.30769232,0.0
321,0.625,0.0,0.125,0.0,0.25,0.0
322,0.0,0.8,0.0,0.0,0.2,0.0
323,0.5555556,0.0,0.0,0.0,0.44444445,0.0
324,0.33333334,0.0,0.6666667,0.0,0.0,0.0
325,0.0,0.0,0.36363637,0.0,0.6363636,0.0
326,0.0,0.0,0.6363636,0.0,0.36363637,0.0
327,0.27272728,0.45454547,0.0,0.0,0.27272728,0.0
328,0.375,0.0,0.375,0.0,0.25,0.0
329,0.33333334,0.0,0.0,0.0,0.6666667,0.0
330,0.3846154,0.0,0.3846154,0.0,0.23076923,0.0
331,0.33333334,0.0,0.13333334,0.0,0.53333336,0.0
332,0.3846154,0.0,0.3846154,0.0,0.23076923,0.0
333,0.4,0.2,0.0,0.0,0.4,0.0
334,0.23076923,0.15384616,0.30769232,0.0,0.30769232,0.0
335,0.3,0.2,0.0,0.1,0.4,0.0
336,0.42857143,0.0,0.0,0.0,0.5714286,0.0
337,0.26666668,0.0,0.73333335,0.0,0.0,0.0
338,0.73333335,0.26666668,0.0,0.0,0.0,0.0
339,0.33333334,0.0,0.5555556,0.0,0.11111111,0.0
340,0.3,0.6,0.0,0.0,0.1,0.0
341,0.46666667,0.0,0.0,0.0,0.53333336,0.0
342,1.0,0.0,0.0,0.0,0.0,0.0
343,0.0,0.0,0.0,0.0,1.0,0.0
344,0.6,0.26666668,0.0,0.0,0.13333334,0.0
345,0.35714287,0.21428572,0.21428572,0.0,0.21428572,0.0
346,0.16666667,0.16666667,0.0,0.16666667,0.5,0.0
347,0.33333334,0.0,0.33333334,0.0,0.33333334,0.0
348,0.5555556,0.0,0.0,0.0,0.44444445,0.0
349,0.4,0.0,0.3,0.0,0.3,0.0
350,0.21428572,0.5,0.0,0.0,0.2857143,0.0
351,0.0,0.0,0.7,0.0,0.3,0.0
352,0.7777778,0.22222222,0.0,0.0,0.0,0.0
353,0.5,0.0,0.5,0.0,0.0,0.0
354,0.0,0.0,0.33333334,0.0,0.6666667,0.0
355,0.41666666,0.16666667,0.0,0.0,0.41666666,0.0
356,0.125,0.0,0.375,0.0,0.5,0.0
357,0.0,0.42857143,0.0,0.0,0.5714286,0.0
358,0.35714287,0.0,0.0,0.0,0.64285713,0.0
359,0.0,0.0,0.5714286,0.0,0.42857143,0.0
360,0.0,0.0,0.53333336,0.0,0.46666667,0.0
361,0.2,0.5,0.0,0.0,0.3,0.0
362,0.53333336,0.26666668,0.0,0.0,0.2,0.0
363,0.33333334,0.0,0.0,0.0,0.6666667,0.0
364,0.0,0.36363637,0.54545456,0.0,0.09090909,0.0
365,0.7777778,0.0,0.0,0.0,0.22222222,0.0
366,0.083333336,0.6666667,0.25,0.0,0.0,0.0
367,0.25,0.0,0.25,0.0,0.5,0.0
368,0.21428572,0.2857143,0.5,0.0,0.0,0.0
369,0.16666667,0.25,0.33333334,0.0,0.25,0.0
370,0.3846154,0.15384616,0.0,0.0,0.46153846,0.0
371,0.0,0.22222222,0.22222222,0.0,0.5555556,0.0
372,0.41666666,0.5833333,0.0,0.0,0.0,0.0
373,0.375,0.25,0.25,0.0,0.125,0.0
374,0.0,0.0,0.5833333,0.0,0.41666666,0.0
375,0.0,0.0,0.3,0.0,0.3,0.4
376,0.11111111,0.0,0.33333334,0.22222222,0.33333334,0.0
377,0.33333334,0.0,0.0,0.0,0.6666667,0.0
378,1.0,0.0,0.0,0.0,0.0,0.0
379,0.5,0.0,0.5,0.0,0.0,0.0
380,0.33333334,0.0,0.2,0.0,0.46666667,0.0
381,0.26666668,0.0,0.46666667,0.0,0.26666668,0.0
382,0.0,0.54545456,0.09090909,0.0,0.36363637,0.0
383,0.0,0.22222222,0.44444445,0.0,0.33333334,0.0
384,0.23076923,0.0,0.46153846,0.0,0.30769232,0.0
385,0.375,0.5,0.0,0.0,0.125,0.0
386,0.2857143,0.0,0.0,0.0,0.71428573,0.0
387,0.46666667,0.0,0.2,0.0,0.33333334,0.0
388,0.25,0.41666666,0.33333334,0.0,0.0,0.0
389,0.71428573,0.2857143,0.0,0.0,0.0,0.0
390,0.22222222,0.5555556,0.0,0.0,0.22222222,0.0
391,0.42857143,0.0,0.0,0.0,0.5714286,0.0
392,0.33333334,0.0,0.5,0.16666667,0.0,0.0
393,1.0,0.0,0.0,0.0,0.0,0.0
394,0.33333334,0.0,0.0,0.0,0.6666667,0.0
395,0.5,0.0,0.0,0.0,0.5,0.0
396,0.0,0.5,0.3,0.0,0.2,0.0
397,0.2857143,0.5714286,0.14285715,0.0,0.0,0.0
398,0.375,0.0,0.5,0.0,0.125,0.0
399,0.0,0.54545456,0.0,0.0,0.45454547,0.0
400,0.0,0.18181819,0.45454547,0.0,0.36363637,0.0
401,0.22222222,0.44444445,0.0,0.0,0.33333334,0.0
402,0.0,0.0,0.6363636,0.0,0.36363637,0.0
403,0.44444445,0.22222222,0.22222222,0.0,0.11111111,0.0
404,0.5,0.0,0.0,0.0,0.5,0.0
405,0.5,0.0,0.0,0.0,0.5,0.0
406,0.22222222,0.0,0.0,0.22222222,0.5555556,0.0
407,0.26666668,0.33333334,0.0,0.0,0.4,0.0
408,0.42857143,0.0,0.14285715,0.0,0.42857143,0.0
409,0.0,0.22222222,0.22222222,0.0,0.5555556,0.0
410,0.5555556,0.0,0.0,0.0,0.44444445,0.0
411,0.14285715,0.42857143,0.42857143,0.0,0.0,0.0
412,0.4,0.2,0.0,0.0,0.4,0.0
413,0.33333334,0.46666667,0.0,0.0,0.2,0.0
414,0.5714286,0.0,0.0,0.0,0.42857143,0.0
415,1.0,0.0,0.0,0.0,0.0,0.0
416,0.09090909,0.6363636,0.0,0.0,0.27272728,0.0
417,0.0,0.0,0.2857143,0.0,0.71428573,0.0
418,0.0,0.0,0.3846154,0.0,0.61538464,0.0
419,0.53846157,0.0,0.0,0.0,0.46153846,0.0
420,0.0,0.0,0.27272728,0.0,0.72727275,0.0
421,0.5,0.0,0.0,0.0,0.5,0.0
422,0.0,0.0,0.0,0.0,1.0,0.0
423,0.71428573,0.0,0.0,0.0,0.2857143,0.0
424,0.11111111,0.0,0.5555556,0.0,0.33333334,0.0
425,0.33333334,0.0,0.22222222,0.0,0.44444445,0.0
426,0.5,0.0,0.25,0.0,0.25,0.0
427,1.0,0.0,0.0,0.0,0.0,0.0
428,0.15384616,0.3846154,0.0,0.0,0.46153846,0.0
429,0.0,0.0,0.5714286,0.0,0.42857143,0.0
430,0.33333334,0.16666667,0.33333334,0.0,0.16666667,0.0
431,0.6666667,0.33333334,0.0,0.0,0.0,0.0
432,0.5,0.0,0.14285715,0.0,0.35714287,0.0
433,0.125,0.0,0.125,0.0,0.75,0.0
434,0.13333334,0.0,0.33333334,0.0,0.53333336,0.0
435,0.42857143,0.0,0.0,0.0,0.5714286,0.0
436,0.53846157,0.0,0.0,0.0,0.46153846,0.0
437,0.0,0.0,0.0,0.0,1.0,0.0
438,0.46666667,0.0,0.0,0.0,0.53333336,0.0
439,0.6363636,0.0,0.0,0.0,0.36363637,0.0
440,0.4,0.2,0.0,0.0,0.4,0.0
441,0.33333334,0.33333334,0.0,0.0,0.33333334,0.0
442,0.27272728,0.0,0.27272728,0.0,0.45454547,0.0
443,0.35714287,0.0,0.2857143,0.0,0.35714287,0.0
444,0.0,0.0,0.16666667,0.0,0.8333333,0.0
445,0.0,0.0,0.0,0.0,0.5,0.5
446,0.61538464,0.0,0.3846154,0.0,0.0,0.0
447,0.33333334,0.22222222,0.33333334,0.0,0.11111111,0.0
448,0.42857143,0.14285715,0.0,0.0,0.42857143,0.0
449,0.0,0.46666667,0.13333334,0.0,0.4,0.0
450,0.33333334,0.0,0.33333334,0.0,0.33333334,0.0
451,0.0,0.0,0.6666667,0.0,0.33333334,0.0
452,0.16666667,0.0,0.33333334,0.5,0.0,0.0
453,0.15384616,0.3846154,0.07692308,0.3846154,0.0,0.0
454,0.0,0.5833333,0.41666666,0.0,0.0,0.0
455,0.375,0.375,0.125,0.0,0.125,0.0
456,0.0,0.0,0.42857143,0.0,0.5714286,0.0
457,0.71428573,0.0,0.2857143,0.0,0.0,0.0
458,0.14285715,0.42857143,0.0,0.0,0.42857143,0.0
459,0.6923077,0.30769232,0.0,0.0,0.0,0.0
460,0.4,0.0,0.4,0.0,0.2,0.0
461,0.2857143,0.2857143,0.42857143,0.0,0.0,0.0
462,0.5833333,0.0,0.41666666,0.0,0.0,0.0
463,0.33333334,0.16666667,0.5,0.0,0.0,0.0
464,0.30769232,0.0,0.0,0.3846154,0.30769232,0.0
465,0.35714287,0.0,0.0,0.0,0.64285713,0.0
466,0.16666667,0.0,0.41666666,0.0,0.41666666,0.0
467,0.5,0.0,0.41666666,0.0,0.083333336,0.0
468,0.33333334,0.0,0.33333334,0.0,0.33333334,0.0
469,0.33333334,0.26666668,0.4,0.0,0.0,0.0
470,0.125,0.5,0.25,0.0,0.125,0.0
471,0.25,0.5,0.25,0.0,0.0,0.0
472,0.2,0.53333336,0.0,0.0,0.26666668,0.0
473,0.41666666,0.0,0.0,0.0,0.5833333,0.0
474,0.2,0.0,0.2,0.0,0.6,0.0
475,0.42857143,0.0,0.0,0.0,0.5714286,0.0
476,0.2857143,0.5714286,0.0,0.0,0.14285715,0.0
477,0.5555556,0.11111111,0.33333334,0.0,0.0,0.0
478,0.16666667,0.0,0.0,0.41666666,0.41666666,0.0
479,0.5,0.0,0.0,0.0,0.5,0.0
480,0.0,0.0,0.0,0.0,1.0,0.0
481,0.33333334,0.41666666,0.0,0.0,0.25,0.0
482,0.2857143,0.0,0.2857143,0.42857143,0.0,0.0
483,0.54545456,0.0,0.0,0.0,0.45454547,0.0
484,0.85714287,0.14285715,0.0,0.0,0.0,0.0
485,0.2857143,0.71428573,0.0,0.0,0.0,0.0
486,0.61538464,0.0,0.0,0.0,0.3846154,0.0
487,0.13333334,0.4,0.0,0.0,0.46666667,0.0
488,0.16666667,0.0,0.16666667,0.0,0.6666667,0.0
489,0.18181819,0.45454547,0.36363637,0.0,0.0,0.0
490,0.44444445,0.0,0.11111111,0.22222222,0.22222222,0.0
491,0.3,0.2,0.0,0.0,0.5,0.0
492,0.36363637,0.0,0.0,0.0,0.6363636,0.0
493,0.3,0.3,0.0,0.0,0.4,0.0
494,1.0,0.0,0.0,0.0,0.0,0.0
495,0.71428573,0.0,0.2857143,0.0,0.0,0.0
496,0.45454547,0.18181819,0.36363637,0.0,0.0,0.0
497,0.5,0.0,0.0,0.0,0.5,0.0
498,0.42857143,0.0,0.0,0.0,0.5714286,0.0
499,0.22222222,0.0,0.0,0.0,0.7777778,0.0
500,0.375,0.0,0.0,0.0,0.625,0.0
501,0.0,0.42857143,0.0,0.0,0.5714286,0.0
502,0.27272728,0.0,0.27272728,0.0,0.45454547,0.0
503,0.42857143,0.2857143,0.0,0.0,0.2857143,0.0
504,0.53333336,0.46666667,0.0,0.0,0.0,0.0
505,0.625,0.0,0.0,0.0,0.375,0.0
506,0.3846154,0.0,0.0,0.0,0.61538464,0.0
507,0.1,0.3,0.2,0.0,0.4,0.0
508,0.083333336,0.0,0.41666666,0.0,0.5,0.0
509,0.33333334,0.4,0.26666668,0.0,0.0,0.0
510,0.0,0.0,0.7,0.0,0.3,0.0
511,0.26666668,0.4,0.0,0.0,0.33333334,0.0
512,0.54545456,0.0,0.0,0.0,0.45454547,0.0
513,0.0,0.0,0.0,0.42857143,0.5714286,0.0
514,0.71428573,0.0,0.0,0.0,0.2857143,0.0
515,0.09090909,0.0,0.45454547,0.0,0.27272728,0.18181819
516,0.5714286,0.0,0.0,0.0,0.42857143,0.0
517,0.0,0.53333336,0.0,0.0,0.46666667,0.0
518,0.14285715,0.0,0.42857143,0.0,0.42857143,0.0
519,0.4,0.0,0.13333334,0.0,0.46666667,0.0
520,0.625,0.0,0.0,0.0,0.375,0.0
521,0.0,0.0,0.0,0.0,1.0,0.0
522,0.33333334,0.0,0.5,0.0,0.16666667,0.0
523,0.0,0.0,0.0,0.0,1.0,0.0
524,0.5714286,0.0,0.0,0.0,0.42857143,0.0
525,0.0,0.5,0.25,0.0,0.25,0.0
526,0.4,0.2,0.1,0.0,0.3,0.0
527,0.16666667,0.0,0.0,0.0,0.8333333,0.0
528,0.53333336,0.0,0.0,0.0,0.46666667,0.0
529,0.375,0.0,0.0,0.0,0.625,0.0
530,0.33333334,0.0,0.44444445,0.0,0.22222222,0.0
531,0.33333334,0.0,0.0,0.0,0.6666667,0.0
532,0.44444445,0.0,0.33333334,0.0,0.22222222,0.0
533,0.45454547,0.0,0.0,0.0,0.54545456,0.0
534,0.3846154,0.30769232,0.30769232,0.0,0.0,0.0
535,0.36363637,0.0,0.36363637,0.0,0.27272728,0.0
536,0.6666667,0.0,0.0,0.0,0.33333334,0.0
537,0.5,0.0,0.41666666,0.0,0.083333336,0.0
538,0.3,0.3,0.0,0.0,0.4,0.0
539,0.2857143,0.5714286,0.0,0.0,0.14285715,0.0
540,0.25,0.0,0.33333334,0.0,0.41666666,0.0
541,0.0,0.0,0.33333334,0.33333334,0.33333334,0.0
542,0.6666667,0.33333334,0.0,0.0,0.0,0.0
543,0.36363637,0.27272728,0.0,0.0,0.36363637,0.0
544,0.2857143,0.42857143,0.0,0.0,0.2857143,0.0
545,0.0,0.27272728,0.45454547,0.0,0.27272728,0.0
546,0.33333334,0.11111111,0.0,0.0,0.5555556,0.0
547,0.33333334,0.0,0.5555556,0.11111111,0.0,0.0
548,0.42857143,0.0,0.0,0.0,0.5714286,0.0
549,0.45454547,0.0,0.0,0.0,0.54545456,0.0
550,0.0,0.3,0.5,0.0,0.2,0.0
551,0.6666667,0.0,0.0,0.0,0.33333334,0.0
552,0.33333334,0.0,0.22222222,0.0,0.44444445,0.0
553,0.33333334,0.6666667,0.0,0.0,0.0,0.0
554,0.18181819,0.0,0.0,0.0,0.8181818,0.0
555,0.5714286,0.0,0.0,0.0,0.42857143,0.0
556,0.083333336,0.41666666,0.0,0.0,0.5,0.0
557,0.42857143,0.0,0.0,0.14285715,0.42857143,0.0
558,0.35714287,0.0,0.2857143,0.0,0.35714287,0.0
559,0.0,0.5,0.16666667,0.0,0.33333334,0.0
560,0.0,0.35714287,0.0,0.42857143,0.21428572,0.0
561,0.33333334,0.0,0.0,0.0,0.6666667,0.0
562,0.46666667,0.4,0.0,0.0,0.13333334,0.0
563,0.25,0.41666666,0.0,0.0,0.33333334,0.0
564,0.44444445,0.22222222,0.33333334,0.0,0.0,0.0
565,0.33333334,0.0,0.5,0.0,0.16666667,0.0
566,0.3846154,0.3846154,0.0,0.0,0.23076923,0.0
567,0.30769232,0.3846154,0.30769232,0.0,0.0,0.0
568,0.15384616,0.15384616,0.30769232,0.0,0.3846154,0.0
569,0.33333334,0.5555556,0.11111111,0.0,0.0,0.0
570,0.61538464,0.3846154,0.0,0.0,0.0,0.0
571,0.33333334,0.11111111,0.44444445,0.0,0.11111111,0.0
572,0.26666668,0.0,0.4,0.0,0.33333334,0.0
573,0.41666666,0.25,0.0,0.0,0.33333334,0.0
574,0.5,0.0,0.16666667,0.0,0.33333334,0.0
575,0.3846154,0.0,0.15384616,0.0,0.46153846,0.0
576,0.25,0.0,0.75,0.0,0.0,0.0
577,0.0,0.30769232,0.53846157,0.0,0.15384616,0.0
578,0.0,0.42857143,0.2857143,0.0,0.2857143,0.0
579,0.5,0.0,0.0,0.2,0.3,0.0
580,0.5,0.5,0.0,0.0,0.0,0.0
581,0.22222222,0.33333334,0.0,0.0,0.44444445,0.0
582,0.53846157,0.0,0.0,0.0,0.46153846,0.0
583,0.53846157,0.15384616,0.0,0.0,0.30769232,0.0
584,0.25,0.25,0.0,0.16666667,0.33333334,0.0
585,0.625,0.0,0.0,0.0,0.375,0.0
586,0.0,0.54545456,0.0,0.0,0.45454547,0.0
587,0.46666667,0.0,0.0,0.0,0.53333336,0.0
588,0.46666667,0.0,0.53333336,0.0,0.0,0.0
589,0.4,0.0,0.26666668,0.0,0.33333334,0.0
590,0.0,0.23076923,0.23076923,0.23076923,0.30769232,0.0
591,0.5714286,0.0,0.0,0.0,0.42857143,0.0
592,0.25,0.0,0.25,0.5,0.0,0.0
593,0.5,0.5,0.0,0.0,0.0,0.0
594,0.44444445,0.0,0.11111111,0.0,0.44444445,0.0
595,0.0,0.7777778,0.22222222,0.0,0.0,0.0
596,0.26666668,0.0,0.33333334,0.0,0.4,0.0
597,0.5,0.5,0.0,0.0,0.0,0.0
598,0.26666668,0.0,0.73333335,0.0,0.0,0.0
599,0.2,0.0,0.5,0.0,0.3,0.0
600,0.1,0.5,0.0,0.0,0.4,0.0
601,0.4,0.0,0.26666668,0.0,0.33333334,0.0
602,0.0,0.42857143,0.0,0.0,0.5714286,0.0
603,0.44444445,0.0,0.33333334,0.0,0.22222222,0.0
604,0.21428572,0.0,0.2857143,0.42857143,0.071428575,0.0
605,0.5,0.0,0.0,0.42857143,0.071428575,0.0
606,0.25,0.0,0.0,0.0,0.75,0.0
607,0.33333334,0.33333334,0.0,0.0,0.33333334,0.0
608,0.27272728,0.54545456,0.0,0.0,0.18181819,0.0
609,0.53846157,0.0,0.0,0.0,0.46153846,0.0
610,0.0,0.25,0.41666666,0.0,0.33333334,0.0
611,0.5555556,0.0,0.44444445,0.0,0.0,0.0
612,0.53333336,0.0,0.0,0.0,0.46666667,0.0
613,0.46153846,0.0,0.0,0.0,0.53846157,0.0
614,0.3,0.0,0.0,0.4,0.3,0.0
615,0.0,0.36363637,0.0,0.27272728,0.36363637,0.0
616,0.16666667,0.5,0.16666667,0.0,0.16666667,0.0
617,0.5714286,0.14285715,0.14285715,0.0,0.14285715,0.0
618,0.36363637,0.54545456,0.0,0.0,0.09090909,0.0
619,0.2857143,0.0,0.0,0.0,0.71428573,0.0
620,0.0,0.36363637,0.36363637,0.0,0.27272728,0.0
621,0.0,0.2857143,0.0,0.42857143,0.2857143,0.0
622,0.0,0.0,0.0,0.0,1.0,0.0
623,0.44444445,0.0,0.33333334,0.0,0.22222222,0.0
624,0.0,0.5714286,0.0,0.0,0.42857143,0.0
625,0.6666667,0.0,0.0,0.33333334,0.0,0.0
626,0.4,0.0,0.0,0.0,0.6,0.0
627,0.5,0.5,0.0,0.0,0.0,0.0
628,0.2857143,0.71428573,0.0,0.0,0.0,0.0
629,0.5,0.0,0.0,0.0,0.5,0.0
630,0.27272728,0.0,0.27272728,0.0,0.45454547,0.0
631,0.5,0.0,0.0,0.0,0.5,0.0
632,0.75,0.0,0.0,0.0,0.25,0.0
633,0.33333334,0.6666667,0.0,0.0,0.0,0.0
634,0.625,0.0,0.0,0.0,0.375,0.0
635,0.42857143,0.0,0.2857143,0.0,0.2857143,0.0
636,0.0,0.33333334,0.16666667,0.0,0.5,0.0
637,0.45454547,0.0,0.0,0.27272728,0.27272728,0.0
638,0.6666667,0.0,0.33333334,0.0,0.0,0.0
639,0.11111111,0.33333334,0.5555556,0.0,0.0,0.0
640,0.25,0.0,0.0,0.0,0.75,0.0
641,0.2857143,0.0,0.14285715,0.0,0.5714286,0.0
642,1.0,0.0,0.0,0.0,0.0,0.0
643,0.25,0.0,0.75,0.0,0.0,0.0
644,0.22222222,0.33333334,0.22222222,0.0,0.22222222,0.0
645,0.2,0.13333334,0.2,0.0,0.46666667,0.0
646,0.2857143,0.0,0.2857143,0.0,0.42857143,0.0
647,1.0,0.0,0.0,0.0,0.0,0.0
648,0.7,0.0,0.0,0.0,0.3,0.0
649,0.16666667,0.0,0.6666667,0.0,0.16666667,0.0
650,0.0,0.41666666,0.0,0.0,0.5833333,0.0
651,0.5714286,0.14285715,0.14285715,0.0,0.14285715,0.0
652,0.2857143,0.0,0.14285715,0.14285715,0.42857143,0.0
653,0.6,0.0,0.3,0.0,0.1,0.0
654,0.46666667,0.0,0.26666668,0.0,0.26666668,0.0
655,0.22222222,0.6666667,0.11111111,0.0,0.0,0.0
656,0.36363637,0.0,0.0,0.0,0.6363636,0.0
657,0.3,0.0,0.0,0.0,0.7,0.0
658,0.5,0.0,0.0,0.0,0.5,0.0
659,0.35714287,0.2857143,0.0,0.0,0.35714287,0.0
660,0.73333335,0.0,0.0,0.0,0.26666668,0.0
661,0.45454547,0.0,0.0,0.0,0.54545456,0.0
662,0.083333336,0.6666667,0.0,0.0,0.25,0.0
663,0.0,0.375,0.5,0.0,0.125,0.0
664,0.3,0.0,0.0,0.3,0.4,0.0
665,0.36363637,0.27272728,0.0,0.0,0.36363637,0.0
666,0.2857143,0.0,0.0,0.0,0.71428573,0.0
667,0.2,0.26666668,0.33333334,0.2,0.0,0.0
668,0.2857143,0.71428573,0.0,0.0,0.0,0.0
669,0.33333334,0.0,0.0,0.0,0.6666667,0.0
670,0.18181819,0.0,0.45454547,0.0,0.36363637,0.0
671,0.0,0.0,0.46153846,0.0,0.53846157,0.0
672,0.27272728,0.0,0.72727275,0.0,0.0,0.0
673,0.42857143,0.21428572,0.14285715,0.0,0.21428572,0.0
674,0.27272728,0.27272728,0.45454547,0.0,0.0,0.0
675,0.25,0.0,0.5,0.0,0.25,0.0
676,0.23076923,0.0,0.7692308,0.0,0.0,0.0
677,0.30769232,0.0,0.30769232,0.0,0.3846154,0.0
678,0.625,0.0,0.375,0.0,0.0,0.0
679,0.75,0.25,0.0,0.0,0.0,0.0
680,0.5,0.0,0.0,0.0,0.5,0.0
681,0.6666667,0.0,0.0,0.33333334,0.0,0.0
682,0.2,0.0,0.4,0.0,0.4,0.0
683,0.42857143,0.42857143,0.0,0.0,0.14285715,0.0
684,0.54545456,0.0,0.0,0.0,0.45454547,0.0
685,0.0,0.11111111,0.11111111,0.11111111,0.44444445,0.22222222
686,0.5,0.0,0.0,0.0,0.5,0.0
687,0.2,0.06666667,0.2,0.0,0.53333336,0.0
688,0.625,0.375,0.0,0.0,0.0,0.0
689,0.27272728,0.36363637,0.0,0.0,0.36363637,0.0
690,0.5555556,0.0,0.33333334,0.0,0.11111111,0.0
691,0.5,0.0,0.16666667,0.16666667,0.16666667,0.0
692,0.2857143,0.0,0.2857143,0.0,0.42857143,0.0
693,0.2,0.4,0.0,0.0,0.4,0.0
694,0.16666667,0.41666666,0.0,0.0,0.41666666,0.0
695,0.42857143,0.2857143,0.2857143,0.0,0.0,0.0
696,0.5714286,0.0,0.0,0.0,0.42857143,0.0
697,0.1,0.5,0.2,0.0,0.2,0.0
698,0.0,0.0,0.33333334,0.0,0.6666667,0.0
699,0.35714287,0.0,0.2857143,0.0,0.35714287,0.0
700,0.25,0.0,0.0,0.0,0.75,0.0
701,0.33333334,0.13333334,0.0,0.0,0.53333336,0.0
702,0.46153846,0.30769232,0.0,0.0,0.23076923,0.0
703,0.25,0.16666667,0.083333336,0.0,0.5,0.0
704,0.5,0.0,0.0,0.0,0.5,0.0
705,0.2857143,0.2857143,0.0,0.0,0.42857143,0.0
706,0.54545456,0.0,0.45454547,0.0,0.0,0.0
707,0.0,0.5,0.0,0.0,0.5,0.0
708,0.125,0.25,0.25,0.0,0.375,0.0
709,0.46666667,0.13333334,0.0,0.0,0.4,0.0
710,0.125,0.25,0.25,0.375,0.0,0.0
711,0.6,0.0,0.4,0.0,0.0,0.0
712,0.6,0.1,0.0,0.0,0.3,0.0
713,0.33333334,0.0,0.16666667,0.33333334,0.16666667,0.0
714,0.0,0.3,0.0,0.4,0.3,0.0
715,0.0,0.0,0.33333334,0.0,0.44444445,0.22222222
716,0.125,0.0,0.5,0.0,0.375,0.0
717,0.33333334,0.0,0.16666667,0.0,0.5,0.0
718,0.0,0.8333333,0.0,0.0,0.16666667,0.0
719,0.0,0.45454547,0.0,0.0,0.54545456,0.0
720,0.75,0.0,0.0,0.0,0.25,0.0
721,0.5,0.0,0.5,0.0,0.0,0.0
722,0.5,0.0,0.0,0.0,0.5,0.0
723,0.53333336,0.2,0.0,0.0,0.26666668,0.0
724,0.6363636,0.0,0.0,0.0,0.36363637,0.0
725,0.5,0.2857143,0.0,0.0,0.21428572,0.0
726,0.41666666,0.25,0.0,0.0,0.33333334,0.0
727,0.4,0.0,0.3,0.0,0.3,0.0
728,0.125,0.0,0.375,0.0,0.5,0.0
729,0.0,0.0,0.1,0.0,0.5,0.4
730,0.21428572,0.2857143,0.21428572,0.0,0.2857143,0.0
731,0.42857143,0.2857143,0.0,0.0,0.2857143,0.0
732,0.75,0.25,0.0,0.0,0.0,0.0
733,0.5,0.0,0.5,0.0,0.0,0.0
734,0.3846154,0.15384616,0.23076923,0.23076923,0.0,0.0
735,0.0,0.0,0.6,0.0,0.4,0.0
736,0.0,0.0,0.0,0.0,1.0,0.0
737,0.2857143,0.0,0.14285715,0.0,0.5714286,0.0
738,0.16666667,0.0,0.8333333,0.0,0.0,0.0
739,0.5,0.0,0.33333334,0.0,0.16666667,0.0
740,0.11111111,0.44444445,0.0,0.44444445,0.0,0.0
741,0.0,0.33333334,0.0,0.0,0.6666667,0.0
742,0.0,0.0,0.46153846,0.0,0.53846157,0.0
743,0.6666667,0.0,0.0,0.0,0.33333334,0.0
744,0.0,0.5,0.0,0.0,0.5,0.0
745,0.13333334,0.0,0.26666668,0.46666667,0.13333334,0.0
746,0.2,0.5,0.1,0.0,0.2,0.0
747,0.4,0.0,0.3,0.0,0.3,0.0
748,0.33333334,0.0,0.44444445,0.0,0.22222222,0.0
749,0.2857143,0.0,0.2857143,0.42857143,0.0,0.0
750,0.45454547,0.0,0.0,0.0,0.54545456,0.0
751,0.0,0.0,0.0,0.0,1.0,0.0
752,0.0,0.25,0.5,0.0,0.25,0.0
753,0.54545456,0.0,0.45454547,0.0,0.0,0.0
754,0.6363636,0.0,0.0,0.36363637,0.0,0.0
755,0.2,0.0,0.3,0.0,0.5,0.0
756,0.0,0.21428572,0.42857143,0.0,0.35714287,0.0
757,0.0,0.26666668,0.0,0.0,0.4,0.33333334
758,0.0,0.0,0.33333334,0.0,0.6666667,0.0
759,0.5,0.0,0.0,0.0,0.5,0.0
760,0.2,0.0,0.1,0.2,0.5,0.0
761,0.6666667,0.0,0.0,0.0,0.33333334,0.0
762,0.0,0.0,0.6,0.0,0.4,0.0
763,0.85714287,0.0,0.0,0.0,0.14285715,0.0
764,0.53333336,0.0,0.0,0.0,0.46666667,0.0
765,0.0,0.53846157,0.30769232,0.0,0.15384616,0.0
766,0.125,0.5,0.0,0.125,0.25,0.0
767,0.0,0.06666667,0.6,0.0,0.33333334,0.0
768,0.0,0.46666667,0.2,0.0,0.33333334,0.0
769,0.25,0.0,0.41666666,0.0,0.33333334,0.0
770,0.375,0.125,0.5,0.0,0.0,0.0
771,0.5,0.0,0.0,0.0,0.5,0.0
772,0.33333334,0.0,0.0,0.0,0.6666667,0.0
773,0.5,0.0,0.25,0.0,0.25,0.0
774,0.44444445,0.44444445,0.0,0.0,0.11111111,0.0
775,0.27272728,0.45454547,0.0,0.0,0.09090909,0.18181819
776,0.5,0.0,0.0,0.0,0.5,0.0
777,0.0,0.75,0.0,0.0,0.25,0.0
778,0.375,0.0,0.0,0.375,0.25,0.0
779,0.41666666,0.0,0.25,0.0,0.33333334,0.0
780,0.5714286,0.0,0.0,0.0,0.42857143,0.0
781,0.375,0.0,0.0,0.0,0.625,0.0
782,0.0,0.2857143,0.0,0.0,0.71428573,0.0
783,0.875,0.0,0.0,0.0,0.125,0.0
784,0.5,0.0,0.0,0.5,0.0,0.0
785,0.0,0.23076923,0.53846157,0.0,0.23076923,0.0
786,0.23076923,0.07692308,0.23076923,0.0,0.46153846,0.0
787,0.4,0.0,0.3,0.0,0.3,0.0
788,0.23076923,0.30769232,0.0,0.0,0.46153846,0.0
789,0.0,0.0,0.2857143,0.42857143,0.2857143,0.0
790,0.35714287,0.0,0.2857143,0.0,0.35714287,0.0
791,0.3846154,0.0,0.61538464,0.0,0.0,0.0
792,0.6363636,0.0,0.0,0.0,0.36363637,0.0
793,0.0,0.0,0.5,0.0,0.5,0.0
794,0.14285715,0.42857143,0.42857143,0.0,0.0,0.0
795,0.33333334,0.0,0.0,0.0,0.6666667,0.0
796,0.0,0.14285715,0.42857143,0.0,0.42857143,0.0
797,0.42857143,0.42857143,0.0,0.14285715,0.0,0.0
798,0.36363637,0.0,0.0,0.45454547,0.18181819,0.0
799,0.15384616,0.3846154,0.3846154,0.0,0.07692308,0.0
800,0.0,0.0,0.0,0.0,1.0,0.0
801,0.46666667,0.0,0.0,0.0,0.53333336,0.0
802,0.15384616,0.0,0.3846154,0.0,0.46153846,0.0
803,0.22222222,0.0,0.22222222,0.0,0.5555556,0.0
804,0.42857143,0.2857143,0.0,0.0,0.2857143,0.0
805,0.14285715,0.0,0.0,0.0,0.85714287,0.0
806,0.083333336,0.25,0.25,0.25,0.16666667,0.0
807,0.0,0.5833333,0.0,0.0,0.41666666,0.0
808,0.44444445,0.11111111,0.0,0.0,0.44444445,0.0
809,0.0,0.5,0.25,0.0,0.25,0.0
810,0.0,0.625,0.25,0.0,0.125,0.0
811,0.3,0.0,0.2,0.0,0.5,0.0
812,0.0,0.0,0.42857143,0.0,0.5714286,0.0
813,0.2857143,0.0,0.5,0.0,0.21428572,0.0
814,0.71428573,0.0,0.0,0.0,0.2857143,0.0
815,0.3,0.3,0.0,0.4,0.0,0.0
816,0.4,0.3,0.0,0.0,0.3,0.0
817,0.0,0.2,0.4,0.0,0.4,0.0
818,0.33333334,0.16666667,0.33333334,0.0,0.16666667,0.0
819,0.4,0.0,0.0,0.0,0.6,0.0
820,0.3846154,0.0,0.30769232,0.0,0.30769232,0.0
821,0.5,0.25,0.0,0.0,0.25,0.0
822,0.3,0.0,0.5,0.0,0.2,0.0
823,0.5,0.16666667,0.0,0.0,0.33333334,0.0
824,0.25,0.0,0.0,0.0,0.75,0.0
825,0.27272728,0.36363637,0.0,0.0,0.36363637,0.0
826,0.36363637,0.0,0.36363637,0.0,0.0,0.27272728
827,0.5714286,0.071428575,0.071428575,0.0,0.2857143,0.0
828,0.3846154,0.0,0.0,0.3846154,0.23076923,0.0
829,0.0,0.0,0.25,0.0,0.75,0.0
830,0.0,0.30769232,0.30769232,0.0,0.3846154,0.0
831,0.4,0.0,0.0,0.0,0.6,0.0
832,0.33333334,0.0,0.33333334,0.0,0.33333334,0.0
833,0.45454547,0.0,0.27272728,0.0,0.27272728,0.0
834,0.16666667,0.8333333,0.0,0.0,0.0,0.0
835,0.42857143,0.5714286,0.0,0.0,0.0,0.0
836,0.0,0.5555556,0.33333334,0.0,0.11111111,0.0
837,0.26666668,0.33333334,0.0,0.0,0.4,0.0
838,0.27272728,0.18181819,0.18181819,0.0,0.36363637,0.0
839,0.0,0.0,0.8333333,0.0,0.16666667,0.0
840,0.5555556,0.0,0.0,0.0,0.44444445,0.0
841,0.0,0.5,0.0,0.0,0.5,0.0
842,0.3846154,0.30769232,0.0,0.0,0.30769232,0.0
843,0.6666667,0.0,0.33333334,0.0,0.0,0.0
844,0.0,0.0,0.25,0.0,0.75,0.0
845,0.6,0.0,0.0,0.0,0.4,0.0
846,1.0,0.0,0.0,0.0,0.0,0.0
847,0.4,0.46666667,0.13333334,0.0,0.0,0.0
848,0.4,0.0,0.33333334,0.0,0.26666668,0.0
849,0.42857143,0.42857143,0.0,0.0,0.14285715,0.0
850,0.6,0.4,0.0,0.0,0.0,0.0
851,0.13333334,0.33333334,0.13333334,0.0,0.4,0.0
852,0.06666667,0.33333334,0.33333334,0.0,0.26666668,0.0
853,0.3846154,0.30769232,0.23076923,0.0,0.07692308,0.0
854,0.07692308,0.3846154,0.23076923,0.0,0.30769232,0.0
855,0.0,0.6666667,0.0,0.0,0.33333334,0.0
856,0.6666667,0.0,0.0,0.0,0.33333334,0.0
857,0.0,0.0,0.0,0.5,0.5,0.0
858,0.5,0.0,0.0,0.0,0.0,0.5
859,0.33333334,0.0,0.41666666,0.0,0.25,0.0
860,0.33333334,0.0,0.5555556,0.0,0.11111111,0.0
861,0.25,0.16666667,0.33333334,0.0,0.25,0.0
862,0.375,0.0,0.0,0.0,0.625,0.0
863,0.23076923,0.0,0.15384616,0.15384616,0.46153846,0.0
864,0.5714286,0.0,0.42857143,0.0,0.0,0.0
865,0.14285715,0.35714287,0.2857143,0.0,0.21428572,0.0
866,0.125,0.0,0.625,0.0,0.25,0.0
867,0.15384616,0.23076923,0.3846154,0.0,0.23076923,0.0
868,0.33333334,0.16666667,0.5,0.0,0.0,0.0
869,0.4,0.4,0.0,0.0,0.2,0.0
870,0.41666666,0.0,0.0,0.0,0.5833333,0.0
871,0.3,0.0,0.0,0.0,0.7,0.0
872,0.5,0.0,0.2,0.0,0.3,0.0
873,0.1,0.3,0.1,0.0,0.5,0.0
874,0.71428573,0.2857143,0.0,0.0,0.0,0.0
875,0.6666667,0.0,0.0,0.0,0.33333334,0.0
876,0.36363637,0.45454547,0.0,0.0,0.18181819,0.0
877,0.4,0.26666668,0.33333334,0.0,0.0,0.0
878,0.53846157,0.0,0.46153846,0.0,0.0,0.0
879,0.13333334,0.46666667,0.0,0.0,0.4,0.0
880,0.0,0.22222222,0.33333334,0.0,0.44444445,0.0
881,1.0,0.0,0.0,0.0,0.0,0.0
882,0.27272728,0.36363637,0.0,0.0,0.36363637,0.0
883,0.2857143,0.2857143,0.0,0.0,0.42857143,0.0
884,0.11111111,0.44444445,0.11111111,0.0,0.0,0.33333334
885,0.35714287,0.0,0.0,0.0,0.64285713,0.0
886,0.0,0.4,0.0,0.0,0.6,0.0
887,0.5,0.0,0.0,0.0,0.5,0.0
888,0.0,0.27272728,0.45454547,0.0,0.27272728,0.0
889,0.0,0.5,0.0,0.0,0.5,0.0
890,0.22222222,0.0,0.33333334,0.0,0.44444445,0.0
891,0.0,0.0,0.0,0.42857143,0.5714286,0.0
892,0.5,0.0,0.0,0.0,0.5,0.0
893,0.6666667,0.0,0.0,0.0,0.33333334,0.0
894,0.35714287,0.0,0.35714287,0.0,0.2857143,0.0
895,0.0,0.18181819,0.45454547,0.0,0.36363637,0.0
896,0.0,0.0,0.5,0.0,0.5,0.0
897,0.14285715,0.0,0.71428573,0.0,0.14285715,0.0
898,0.21428572,0.21428572,0.35714287,0.0,0.21428572,0.0
899,0.25,0.0,0.5,0.0,0.25,0.0
900,0.2857143,0.14285715,0.0,0.42857143,0.14285715,0.0
901,1.0,0.0,0.0,0.0,0.0,0.0
902,0.35714287,0.42857143,0.0,0.0,0.21428572,0.0
903,0.71428573,0.0,0.0,0.0,0.2857143,0.0
904,0.44444445,0.0,0.0,0.44444445,0.11111111,0.0
905,0.3846154,0.0,0.23076923,0.0,0.3846154,0.0
906,0.41666666,0.25,0.0,0.0,0.33333334,0.0
907,0.44444445,0.0,0.11111111,0.0,0.44444445,0.0
908,0.14285715,0.21428572,0.2857143,0.35714287,0.0,0.0
909,0.14285715,0.2857143,0.14285715,0.0,0.42857143,0.0
910,0.61538464,0.0,0.0,0.0,0.3846154,0.0
911,0.0,0.5714286,0.42857143,0.0,0.0,0.0
912,0.41666666,0.0,0.0,0.0,0.083333336,0.5
913,0.16666667,0.33333334,0.0,0.0,0.5,0.0
914,0.3846154,0.0,0.3846154,0.0,0.23076923,0.0
915,0.18181819,0.27272728,0.0,0.0,0.54545456,0.0
916,0.2857143,0.0,0.2857143,0.0,0.42857143,0.0
917,0.375,0.0,0.0,0.0,0.625,0.0
918,0.083333336,0.5833333,0.083333336,0.0,0.25,0.0
919,0.44444445,0.0,0.22222222,0.0,0.33333334,0.0
920,0.53333336,0.0,0.0,0.0,0.46666667,0.0
921,0.5,0.0,0.0,0.0,0.5,0.0
922,0.27272728,0.0,0.36363637,0.0,0.36363637,0.0
923,0.14285715,0.0,0.14285715,0.0,0.71428573,0.0
924,0.6666667,0.16666667,0.0,0.0,0.16666667,0.0
925,0.0,0.0,0.41666666,0.0,0.16666667,0.41666666
926,0.0,0.25,0.41666666,0.0,0.33333334,0.0
927,0.083333336,0.0,0.33333334,0.0,0.5833333,0.0
928,0.33333334,0.0,0.22222222,0.0,0.44444445,0.0
929,0.16666667,0.25,0.25,0.0,0.33333334,0.0
930,0.0,0.5,0.0,0.0,0.5,0.0
931,0.0,0.3846154,0.3846154,0.0,0.23076923,0.0
932,0.44444445,0.0,0.22222222,0.0,0.33333334,0.0
933,0.375,0.25,0.125,0.0,0.25,0.0
934,0.6666667,0.33333334,0.0,0.0,0.0,0.0
935,0.33333334,0.0,0.44444445,0.0,0.22222222,0.0
936,0.2,0.4,0.0,0.0,0.4,0.0
937,0.083333336,0.41666666,0.0,0.5,0.0,0.0
938,0.5,0.0,0.0,0.0,0.5,0.0
939,0.0,0.0,0.0,0.0,1.0,0.0
940,0.2,0.4,0.4,0.0,0.0,0.0
941,0.4,0.33333334,0.0,0.0,0.26666668,0.0
942,0.0,0.85714287,0.0,0.0,0.14285715,0.0
943,0.23076923,0.0,0.0,0.0,0.7692308,0.0
944,0.3846154,0.0,0.30769232,0.0,0.30769232,0.0
945,0.46666667,0.0,0.0,0.0,0.53333336,0.0
946,0.5,0.0,0.0,0.0,0.5,0.0
947,0.0,0.0,0.0,0.0,1.0,0.0
948,0.3,0.0,0.4,0.0,0.3,0.0
949,0.25,0.5,0.25,0.0,0.0,0.0
950,0.0,0.4,0.6,0.0,0.0,0.0
951,0.5,0.0,0.25,0.0,0.25,0.0
952,0.0,0.6666667,0.0,0.0,0.33333334,0.0
953,0.75,0.0,0.0,0.0,0.25,0.0
954,0.6,0.0,0.0,0.0,0.4,0.0
955,0.0,0.53333336,0.0,0.0,0.2,0.26666668
956,0.16666667,0.16666667,0.16666667,0.0,0.5,0.0
957,0.23076923,0.0,0.46153846,0.0,0.30769232,0.0
958,0.6666667,0.0,0.0,0.0,0.33333334,0.0
959,0.0,0.0,0.18181819,0.0,0.8181818,0.0
960,0.33333334,0.13333334,0.0,0.0,0.53333336,0.0
961,0.083333336,0.6666667,0.0,0.25,0.0,0.0
962,0.0,0.0,0.5,0.0,0.5,0.0
963,0.41666666,0.0,0.0,0.0,0.5833333,0.0
964,0.33333334,0.0,0.33333334,0.0,0.33333334,0.0
965,0.375,0.0,0.5,0.0,0.125,0.0
966,0.6363636,0.0,0.0,0.0,0.36363637,0.0
967,0.44444445,0.0,0.22222222,0.0,0.33333334,0.0
968,0.4,0.0,0.0,0.0,0.6,0.0
969,0.2857143,0.0,0.2857143,0.0,0.42857143,0.0
970,0.5,0.0,0.0,0.0,0.5,0.0
971,0.25,0.0,0.5,0.25,0.0,0.0
972,0.35714287,0.2857143,0.0,0.0,0.35714287,0.0
973,0.75,0.0,0.0,0.0,0.25,0.0
974,0.4,0.0,0.0,0.0,0.6,0.0
975,0.22222222,0.0,0.11111111,0.33333334,0.33333334,0.0
976,0.4,0.0,0.3,0.0,0.3,0.0
977,0.25,0.0,0.0,0.75,0.0,0.0
978,0.375,0.25,0.0,0.0,0.375,0.0
979,0.33333334,0.0,0.46666667,0.0,0.2,0.0
980,0.30769232,0.30769232,0.15384616,0.0,0.23076923,0.0
981,0.25,0.33333334,0.41666666,0.0,0.0,0.0
982,0.18181819,0.6363636,0.09090909,0.0,0.09090909,0.0
983,0.2,0.0,0.4,0.0,0.4,0.0
984,0.0,0.0,0.625,0.0,0.375,0.0
985,0.36363637,0.27272728,0.0,0.0,0.36363637,0.0
986,0.36363637,0.0,0.36363637,0.0,0.27272728,0.0
987,0.14285715,0.14285715,0.42857143,0.0,0.2857143,0.0
988,0.2857143,0.0,0.2857143,0.0,0.42857143,0.0
989,0.0,0.35714287,0.0,0.0,0.64285713,0.0
990,1.0,0.0,0.0,0.0,0.0,0.0
991,0.14285715,0.0,0.0,0.5,0.35714287,0.0
992,0.0,0.53333336,0.0,0.0,0.46666667,0.0
993,0.071428575,0.2857143,0.14285715,0.0,0.5,0.0
994,0.30769232,0.0,0.0,0.3846154,0.30769232,0.0
995,0.71428573,0.0,0.0,0.0,0.2857143,0.0
996,0.42857143,0.0,0.0,0.0,0.5714286,0.0
997,0.16666667,0.16666667,0.0,0.083333336,0.5833333,0.0
998,0.375,0.0,0.0,0.0,0.625,0.0
999,0.5,0.0,0.0,0.0,0.5,0.0
